101,Nemet Diana,3154,m,8.92,2.95,0,Fazekas Matyas,3155,m,5.42,4.63,0,Vas Bulcsu,3156,m,7.48,4.23,0,Bodnar Arpad,3157,m,7.45,3.82,0,N
102,Boros Bator,3158,m,4.40,3.01,0,Szabo Barnabas,3159,m,8.68,3.12,0,Barna Berta,3160,v,6.12,4.24,0,Hajdu Anna,3161,m,2.76,2.20,0,N
103,Vas Vendel,3162,m,6.37,1.83,0,Varga Eszter,3163,m,4.66,3.81,0,Farkas Lorinc,3164,v,6.42,2.28,0,Szekely Ignac,3165,v,5.64,4.30,0,N
104,Eros Otilia,3166,m,8.89,4.38,0,Kovats Virgil,3167,m,4.59,1.54,0,Pinter Kristof,3168,m,2.98,1.47,0,Balog Mirjam,3169,v,6.67,2.44,0,N
105,Balogh Simon,3170,v,8.47,3.07,9,Hajdu Marcell,3171,m,7.64,3.60,0,Pinter Hunor,3172,m,4.21,3.14,1,Nemeth Arpad,3173,m,2.54,2.73,0,N
106,Feher Lorant,3174,v,6.96,4.59,0,Kovacs Zoltan,3175,m,4.65,4.17,0,Olah Miklos,3176,m,4.57,2.72,0,Somogyi Tamas,3177,m,3.11,4.37,0,N
107,Katona Henrik,3178,u,7.39,2.60,16,Kozma Eleonora,3179,v,2.39,3.64,0,Budai Paszkal,3180,m,4.08,4.00,0,Varga Rahel,3181,m,6.33,4.98,0,N
108,Meszaros Piroska,3182,u,2.18,3.72,0,Vincze Robert,3183,m,7.99,2.61,0,Hajdu Szilveszter,3184,m,7.79,3.82,0,Fodor Gusztav,3185,m,6.10,3.76,0,N
109,Meszaros Margit,3186,v,4.99,3.62,0,Feher Anasztazia,3187,m,5.16,3.88,0,Horvat Vanessza,3188,m,4.59,4.92,0,Toth Ildiko,3189,m,5.95,3.24,0,N
110,Feher Bernadett,3190,m,7.46,3.76,0,Viragh Franciska,3191,m,3.19,2.37,0,Balogh Borbala,3192,m,4.62,2.60,0,Feher Botond,3193,v,8.37,1.60,0,N
111,Novak Magdolna,3194,m,3.27,3.47,0,Kovats Vazul,3195,v,8.49,3.87,0,Kovach Arpad,3196,m,6.03,4.57,0,Papp Izabella,3197,m,8.56,3.32,0,N
112,Biro Szaniszlo,3198,v,6.69,4.83,0,Nemet Karoly,3199,v,2.82,4.58,0,Ujhelyi Paula,3200,m,6.66,4.04,0,Nemeth Ella,3201,u,2.44,4.19,19,N
113,Magyar Leonora,3202,m,7.88,3.76,0,Major Eugenia,3203,v,5.43,2.08,0,Takacs Timea,3204,m,3.89,2.61,0,Sipos Arpad,3205,m,4.42,2.03,0,N
114,Balazs Katalin,3206,v,7.84,3.16,0,Juhasz Sandor,3207,v,5.88,2.27,0,Mezo Bela,3208,v,4.43,4.38,12,Olah Kitti,3209,m,2.57,2.99,0,N
115,Molnar Melinda,3210,m,2.32,3.67,0,Kocsis Odon,3211,m,5.12,3.82,0,Gulyas Ambrus,3212,v,2.15,3.29,0,Farkas Rafael,3213,m,6.12,3.99,0,N
116,Halasz Amalia,3214,m,4.66,2.74,0,Vas Marianna,3215,m,7.10,3.72,0,Balog David,3216,u,6.97,3.70,0,Eros Bertold,3217,m,3.08,3.14,0,N
201,Ujhelyi Paula,3218,m,7.77,2.18,0,Balogh Angela,3219,m,3.03,2.80,3,Deak Emod,3220,v,8.61,1.19,0,Papp Sara,3221,m,3.78,2.55,0,N
202,Feher Piroska,3222,u,2.85,2.53,0,Gal Georgina,3223,u,6.82,2.69,8,Kovach Vencel,3224,m,5.10,4.21,0,Szalai Lajos,3225,m,8.04,4.11,0,N
203,Szalai Lazar,3226,m,5.76,2.34,0,Kovacs Helen,3227,m,7.46,2.53,12,Balazs Matyas,3228,u,7.68,3.83,0,Magyar Dalma,3229,m,6.24,2.24,0,N
204,Horvat Ajtony,3230,m,7.44,2.64,0,Bognar Rajmund,3231,v,5.42,1.91,0,Magyar Agota,3232,m,8.80,3.79,0,Fazekas Eleonora,3233,v,4.76,2.01,0,N
205,Gyori Konstantin,3234,m,2.35,3.52,0,Horvath Hunor,3235,m,7.27,4.34,0,Gulyas Aliz,3236,m,5.17,4.65,0,Nemet Egon,3237,m,3.81,2.19,0,N
206,Barna Tamara,3238,m,3.90,2.84,0,Balogh Leonora,3239,m,7.98,4.97,0,Szilagyi Rita,3240,m,6.19,3.24,0,Gal Lorand,3241,v,4.99,1.09,0,N
207,Halasz Biborka,3242,m,6.57,2.51,0,Sipos Kristof,3243,m,8.23,3.34,18,Racz Lea,3244,m,8.62,3.48,0,Pataki Ingrid,3245,m,6.85,3.85,0,N
208,Varga Henrietta,3246,v,6.76,2.79,0,Lakatos Eszter,3247,m,2.24,3.27,15,Torok Dominika,3248,m,4.38,3.80,0,Ujhelyi Aron,3249,v,2.06,3.82,0,N
209,Vas Balint,3250,v,8.45,2.20,0,Szabo Ferenc,3251,m,8.86,4.71,0,Horvat Anita,3252,m,4.64,3.89,0,Major Laura,3253,v,8.75,3.91,0,N
210,Szekely Csongor,3254,m,8.84,2.52,0,Hegedus Arpadina,3255,m,8.46,2.30,5,Lengyel Szilard,3256,m,5.78,4.51,0,Fazekas Gusztav,3257,m,4.20,2.57,5,N
211,Vegh Reka,3258,m,8.84,3.91,0,Molnar Abraham,3259,m,6.51,4.15,0,Sipos Kornel,3260,m,5.87,3.47,0,Fazekas Gergely,3261,m,2.74,3.22,14,N
212,Fazekas Gergely,3262,m,8.89,3.32,0,Horvath Rezso,3263,m,5.72,4.43,0,Somogyi Lazar,3264,m,6.97,3.32,0,Molnar Miklos,3265,m,3.31,4.20,0,N
213,Katona Agoston,3266,u,4.12,1.48,0,Nemes Marcella,3267,m,6.49,3.14,0,Kiss Marcell,3268,u,7.38,4.24,0,Novak Zsolt,3269,u,4.39,3.17,0,N
214,Major Felicia,3270,u,3.29,3.57,0,Deak Sandor,3271,m,2.75,4.98,19,Farkas Arpad,3272,m,6.69,3.53,0,Kiraly Otto,3273,m,3.96,4.12,0,N
215,Szekely Taksony,3274,m,6.39,1.05,0,Barna Istvan,3275,v,5.20,3.92,0,Rozsa Vilmos,3276,m,7.97,3.54,0,Viragh Agoston,3277,u,5.63,2.13,0,N
216,Fazekas Erna,3278,m,6.28,3.80,0,Horvath Rozsa,3279,v,6.08,4.36,0,Kovacs Izso,3280,v,6.35,1.37,0,Orosz Dorottya,3281,m,8.62,3.90,15,N
301,Barna Bence,3282,m,8.51,3.61,0,Nemeth Berta,3283,m,7.91,4.14,9,Kovacs Fulop,3284,m,5.86,3.41,0,Horvath Alfred,3285,m,7.30,2.01,0,N
302,Bodnar Bank,3286,m,3.22,4.78,0,Kovacs Kornel,3287,u,5.17,2.18,0,Lengyel Lidia,3288,v,8.18,4.71,0,Rozsa Monika,3289,v,5.24,3.59,0,N
303,Fazekas Ilma,3290,v,6.58,3.57,0,Szabo Karoly,3291,m,2.77,4.28,16,Olah Zeno,3292,m,2.46,3.17,9,Toth Fatima,3293,v,6.72,3.09,0,N
304,Papp Virgil,3294,m,5.77,3.04,0,Nagy Kelemen,3295,m,5.67,3.32,0,Fodor Moric,3296,v,2.88,2.92,0,Lakatos Szilvia,3297,m,4.98,3.93,0,N
305,Balog Cecilia,3298,m,4.61,2.69,0,Viragh Noemi,3299,m,4.11,4.82,0,Kovacs Virgil,3300,v,8.95,3.09,0,Molnar Benedek,3301,v,2.58,2.44,2,N
306,Lengyel Felicia,3302,m,8.40,2.63,0,Fekete Hedvig,3303,m,3.20,2.89,0,Farkas Amalia,3304,m,4.70,4.13,0,Varga Ibolya,3305,v,5.27,1.37,0,N
307,Szabo Vendel,3306,v,2.88,2.67,12,Sipos Taksony,3307,m,8.05,2.70,0,Farkas Helen,3308,v,4.52,1.61,17,Nagy Samuel,3309,m,8.87,2.87,0,N
308,Szabo Luca,3310,v,2.50,3.90,6,Gal Petronella,3311,v,3.92,2.83,0,Boros Blanka,3312,v,6.13,1.25,0,Rozsa Antonia,3313,v,4.51,3.79,0,N
309,Lakatos Leo,3314,m,6.72,3.99,0,Somogyi Martina,3315,m,8.29,4.59,0,Major Aletta,3316,u,4.61,4.33,0,Vincze Bank,3317,m,6.21,2.85,0,N
310,Katona Cecilia,3318,m,8.89,1.23,0,Kiss Ede,3319,m,2.51,1.20,0,Balazs Auguszta,3320,u,6.72,2.00,0,Nemeth Annamaria,3321,v,3.01,4.66,0,N
311,Bognar Rita,3322,m,8.84,3.44,0,Fazekas Anna,3323,u,8.01,2.60,0,Orosz Iren,3324,m,4.07,3.84,0,Orosz Konrad,3325,m,6.32,2.91,13,N
312,Kozma Soma,3326,m,4.41,1.56,0,Pinter Egyed,3327,u,3.22,2.89,0,Balogh Zsofia,3328,m,7.17,4.21,0,Fodor Zsigmond,3329,u,3.15,2.95,0,N
313,Deak Timea,3330,m,4.18,3.16,0,Magyar Levente,3331,m,2.70,1.38,0,Feher Kornel,3332,u,2.01,4.19,2,Biro Lidia,3333,m,4.17,4.13,3,N
314,Toth Henrietta,3334,m,2.25,2.15,3,Lengyel Zerind,3335,m,3.67,4.25,0,Varga Jozsef,3336,m,8.65,4.67,0,Kovach Maria,3337,m,8.00,4.52,0,N
315,Kovach Paszkal,3338,v,6.96,1.76,9,Tot Tas,3339,m,6.26,2.30,0,Kiss Palma,3340,m,3.41,3.74,0,Magyar Emilia,3341,m,2.76,3.09,17,N
316,Bodnar Zsolt,3342,m,6.87,1.84,0,Olah Erik,3343,m,6.07,3.80,0,Biro Auguszta,3344,m,7.50,4.30,0,Kiraly Inez,3345,m,4.36,3.65,3,N
401,Molnar Lenard,3346,m,2.82,2.55,4,Kovats Hunor,3347,m,5.82,4.93,0,Szilagyi Anna,3348,m,6.40,4.55,0,Magyar Lili,3349,m,4.53,4.50,0,N
402,Molnar Lajos,3350,m,5.51,4.55,0,Gulyas Rita,3351,u,3.81,3.76,11,Papp Otto,3352,v,5.00,2.74,10,Kiss Herman,3353,m,5.15,2.85,1,N
403,Kiraly Eszter,3354,m,5.86,4.75,0,Nagy Balazs,3355,m,3.00,2.48,0,Kiss Szonja,3356,m,5.21,3.09,14,Lengyel Helen,3357,m,8.82,3.12,0,N
404,Orosz Izso,3358,m,8.71,2.25,0,Balogh Szaniszlo,3359,m,6.41,2.40,0,Pasztor Anna,3360,v,5.47,4.16,0,Viragh Izidor,3361,m,5.22,3.30,0,N
405,Lengyel Biborka,3362,m,5.97,2.18,0,Juhasz Frigyes,3363,m,8.84,1.03,0,Varga Ulrik,3364,v,8.68,4.97,0,Vincze Szaniszlo,3365,m,2.77,4.73,9,N
406,Fodor Zsolt,3366,m,3.17,2.81,0,Pataki Tunde,3367,m,4.06,1.54,0,Major Anita,3368,m,7.62,3.56,16,Juhasz Peter,3369,m,2.78,1.89,0,N
407,Magyar Arpad,3370,m,2.77,1.02,11,Nagy Marta,3371,m,4.73,2.55,0,Kovacs Moric,3372,u,7.29,3.10,0,Orosz Agoston,3373,m,7.64,3.08,0,N
408,Gal Helen,3374,m,6.96,4.49,0,Vegh Otto,3375,v,3.97,2.67,12,Bognar Benjamin,3376,v,8.06,3.72,0,Varga Jeromos,3377,u,7.60,2.61,0,N
409,Kovach Georgina,3378,v,6.39,2.63,0,Papp Ede,3379,v,4.75,3.04,0,Kovacs Gedeon,3380,m,5.72,4.27,0,Farkas Helga,3381,m,2.14,1.77,13,N
410,Olah Gizella,3382,m,9.00,3.80,0,Meszaros Paszkal,3383,u,4.61,3.72,0,Nagy Tekla,3384,v,7.96,3.54,0,Szalai Jeno,3385,m,5.11,2.68,0,N
411,Fodor Geza,3386,m,8.18,2.54,0,Varga Judit,3387,u,7.27,1.29,8,Major Reka,3388,v,4.80,2.14,0,Orosz Gedeon,3389,v,3.57,4.13,0,N
412,Toth Domotor,3390,m,3.07,2.41,0,Toth Arpad,3391,m,5.45,2.48,5,Nemes Lajos,3392,m,6.28,2.27,0,Sipos Auguszta,3393,m,2.88,4.95,0,N
413,Balogh Karoly,3394,m,4.18,2.28,0,Szabo Martina,3395,m,4.97,1.13,0,Balogh Laszlo,3396,v,5.46,3.12,0,Varga David,3397,v,8.96,2.12,0,N
414,Vegh Orban,3398,u,5.98,2.15,0,Szilagyi Jolan,3399,u,5.13,4.93,0,Meszaros Emma,3400,v,6.89,4.42,0,Eros Fulop,3401,m,4.46,4.50,0,N
415,Barna Gizella,3402,m,3.46,1.24,0,Pinter Domonkos,3403,m,2.80,2.31,0,Pinter Maria,3404,m,2.32,4.25,0,Racz Eufrozina,3405,m,8.07,3.34,0,N
416,Somogyi Lorinc,3406,m,8.40,3.54,3,Bodnar Erhard,3407,m,5.56,2.91,0,Feher Orban,3408,m,3.12,1.57,0,Eros Erno,3409,m,5.05,4.88,0,N
501,Olah Luca,3410,v,2.19,1.94,0,Lakatos Kazmer,3411,m,3.42,4.44,19,Horvat Levente,3412,m,6.86,4.64,0,Nagy Angelika,3413,u,8.39,3.60,0,N
502,Hegedus Oliver,3414,m,8.26,3.85,0,Szabo Ferenc,3415,m,5.17,2.37,0,Nemeth Maria,3416,m,5.24,2.04,16,Molnar Agoston,3417,m,4.74,3.73,0,N
503,Szilagyi Terez,3418,v,5.95,3.95,0,Gal Kornel,3419,m,7.22,2.28,0,Olah Mihaly,3420,m,2.66,2.77,19,Gal Tihamer,3421,m,6.09,1.76,11,N
504,Feher Albert,3422,v,8.20,3.18,0,Budai Kristof,3423,v,7.84,4.72,0,Katona Tamas,3424,v,2.79,3.21,0,Szucs Elias,3425,m,5.28,3.39,0,N
505,Balogh Xenia,3426,m,4.04,3.13,0,Mezo Agoston,3427,m,2.82,4.47,0,Feher Benjamin,3428,v,8.80,3.74,0,Farkas Taksony,3429,m,3.44,1.67,0,N
506,Kiraly Agota,3430,v,4.44,3.20,0,Budai Ede,3431,u,5.45,3.74,0,Orosz Ramona,3432,v,6.10,4.95,0,Papp David,3433,u,3.75,3.40,0,N
507,Nemes Zoltan,3434,u,7.19,2.77,0,Bodnar Jacint,3435,u,7.54,2.94,0,Meszaros Magdolna,3436,m,4.34,2.81,11,Katona Mirjam,3437,m,7.95,3.72,0,N
508,Meszaros Gabriella,3438,m,2.95,3.09,0,Nemet Ede,3439,v,8.94,4.62,12,Kovacs Marcell,3440,v,6.92,2.04,0,Nemeth Donat,3441,u,2.41,4.40,0,N
509,Szilagyi Ilona,3442,v,5.69,2.35,0,Kovach Inez,3443,m,5.72,2.66,0,Pataki Romeo,3444,m,5.20,4.14,0,Takacs Zerind,3445,v,4.84,2.83,0,N
510,Nemet Zsuzsanna,3446,v,2.42,4.13,0,Farkas Anna,3447,m,7.93,2.90,0,Feher Jonas,3448,v,3.49,2.32,0,Novak Alajos,3449,m,2.09,3.80,0,N
511,Boros Szervac,3450,v,4.96,4.17,0,Pasztor Fatime,3451,m,5.23,3.47,1,Szalai Tamas,3452,m,3.49,2.20,0,Toth Teofil,3453,m,8.11,1.75,0,N
512,Somogyi Tamas,3454,m,8.27,1.44,14,Kocsis Leona,3455,m,7.85,3.38,0,Molnar Tamara,3456,m,6.28,4.09,3,Papp Szerena,3457,v,6.53,1.97,8,N
513,Katona Ignac,3458,u,2.26,4.76,0,Racz Valeria,3459,v,7.44,2.74,0,Farkas Adam,3460,u,5.87,1.10,0,Soos Adrian,3461,m,4.24,1.40,0,N
514,Vincze Dora,3462,m,8.25,2.20,0,Fekete Eleonora,3463,u,7.98,3.44,0,Gal Eufrozina,3464,m,3.49,2.38,0,Halasz Greta,3465,u,8.69,3.10,0,N
515,Kis Hortenzia,3466,m,5.27,4.22,0,Szabo Valter,3467,m,2.01,4.92,13,Olah Karina,3468,v,4.54,2.18,0,Mezo Arpad,3469,m,3.28,3.42,0,N
516,Szucs Fulop,3470,m,2.17,2.66,0,Horvath Jakab,3471,v,3.98,3.80,0,Tot Ferenc,3472,m,3.97,1.73,0,Vegh Alfred,3473,m,5.49,3.71,0,N
601,Molnar Tiborc,3474,u,3.79,3.16,0,Szucs Simon,3475,v,8.75,3.52,0,Budai Konrad,3476,m,8.60,2.13,0,Nagy Karoly,3477,m,2.35,4.78,0,I
602,Fazekas Teofil,3478,v,8.92,4.98,5,Kocsis Petra,3479,m,8.66,5.00,0,Varga Gusztav,3480,m,5.22,1.50,7,Gyori Bernadett,3481,m,7.12,3.96,0,I
603,Gal Vid,3482,m,5.16,3.43,0,Eros Gedeon,3483,v,6.69,4.39,0,Lengyel Adrienn,3484,m,5.71,3.25,0,Lengyel Timot,3485,m,7.23,4.41,0,I
604,Vegh Kristof,3486,u,8.14,3.00,0,Katona Olimpia,3487,u,5.30,2.48,0,Horvath Florian,3488,m,8.21,3.21,0,Papp Szabolcs,3489,v,4.39,2.11,0,I
605,Rozsa Livia,3490,m,3.03,3.32,0,Deak Szilarda,3491,u,4.66,2.02,0,Balazs Valeria,3492,u,8.32,3.40,0,Gyori David,3493,v,8.04,1.22,0,I
606,Gal Timot,3494,m,4.04,3.98,0,Szilagyi Ede,3495,v,2.35,2.22,0,Szilagyi Janos,3496,m,8.66,4.57,0,Juhasz Csanad,3497,m,2.09,1.72,7,I
607,Horvath Livia,3498,m,8.11,3.35,0,Toth Gizella,3499,v,6.73,2.25,0,Kis Valeria,3500,m,5.30,3.73,0,Hajdu Lili,3501,v,7.14,2.09,0,I
608,Szekely Sebestyen,3502,m,4.75,4.44,0,Horvath Emanuel,3503,v,2.66,2.71,0,Vegh Konstantin,3504,m,7.83,2.07,0,Tot Mario,3505,v,8.64,3.32,4,I
609,Nemet Melinda,3506,v,5.33,4.56,0,Gal Aladar,3507,m,4.74,3.43,0,Farkas Ivo,3508,m,8.64,2.27,0,Balog Erzsebet,3509,m,8.95,3.95,0,I
610,Rozsa Barnabas,3510,m,2.85,4.79,0,Kovacs Bonifac,3511,m,5.77,2.73,0,Balogh Ambrus,3512,v,2.05,2.50,0,Horvath Zerind,3513,u,3.30,2.14,0,I
611,Lakatos Maria,3514,v,2.35,3.49,0,Bognar Zita,3515,v,8.41,2.72,0,Kis Zoltan,3516,m,2.94,1.13,0,Lengyel Lidia,3517,m,8.23,1.46,0,I
612,Varga Rozsa,3518,m,3.08,4.95,0,Nemet Aurel,3519,u,2.05,3.01,0,Lengyel Daniel,3520,m,5.33,2.67,0,Bodnar Eszter,3521,m,8.59,4.58,0,I
613,Fodor Henrietta,3522,m,4.11,3.53,0,Balogh Reka,3523,v,8.23,4.82,0,Takacs Bianka,3524,m,6.82,3.63,1,Juhasz Otilia,3525,v,5.80,1.14,12,I
614,Biro Inez,3526,m,5.40,2.71,0,Kovacs Mercedesz,3527,u,3.80,3.20,0,Magyar Paulina,3528,m,2.31,2.91,0,Papp Kitti,3529,u,6.65,4.66,0,I
615,Feher Janka,3530,u,2.44,4.38,0,Gulyas Marton,3531,m,7.72,4.57,0,Balog Maria,3532,m,5.66,3.95,15,Kovats Lajos,3533,u,7.06,3.10,2,I
616,Viragh Gizella,3534,v,6.86,2.21,4,Farkas Tibor,3535,m,4.65,2.75,0,Kis Timot,3536,m,2.37,4.75,0,Szilagyi Egon,3537,m,4.86,2.90,16,I
701,Olah Ingrid,3538,m,5.37,1.91,2,Nagy Szerena,3539,v,3.19,4.79,12,Hegedus Todor,3540,m,3.57,3.14,0,Ujhelyi Laura,3541,u,2.51,4.88,0,I
702,Kiss Tamas,3542,u,2.63,3.20,0,Szalai Zsigmond,3543,m,2.14,4.24,0,Meszaros Livia,3544,v,2.33,3.55,0,Varga Tamas,3545,v,6.46,2.24,4,I
703,Eros Endre,3546,m,7.71,2.06,0,Bognar Agoston,3547,v,8.62,2.62,0,Szekely Emanuel,3548,m,2.68,2.48,0,Molnar Vilmos,3549,u,7.58,4.16,0,I
704,Somogyi Alajos,3550,v,8.08,3.81,0,Kiss Albin,3551,u,5.50,2.13,0,Szabo Maria,3552,m,3.28,3.47,0,Molnar Ferenc,3553,m,3.67,1.97,0,I
705,Kovach Peter,3554,m,4.97,1.70,0,Major Iren,3555,v,4.06,3.02,0,Balog Marcella,3556,v,3.83,4.48,8,Pataki Sandor,3557,v,4.54,2.50,0,I
706,Barna Melania,3558,m,5.84,3.77,0,Hajdu Kamilla,3559,m,4.60,3.12,11,Pataki Valentin,3560,m,7.40,4.70,0,Soos Lilla,3561,m,6.13,2.61,0,I
707,Fekete Evelin,3562,m,5.64,1.03,0,Olah Katalin,3563,m,6.72,2.51,0,Feher Helen,3564,v,7.80,1.57,0,Nagy Agoston,3565,m,6.81,2.83,0,I
708,Kiraly Ors,3566,v,4.13,3.53,0,Rozsa Palma,3567,v,4.80,4.84,2,Lengyel Leona,3568,m,8.96,2.03,0,Racz Frida,3569,m,6.32,1.59,0,I
709,Biro Klaudia,3570,m,8.64,3.69,0,Nemeth Palma,3571,m,3.36,3.09,0,Balog Abel,3572,v,6.80,3.29,0,Novak Bela,3573,m,4.13,1.13,0,I
710,Kiraly Lenard,3574,v,2.35,3.11,0,Molnar Ede,3575,m,5.68,1.08,1,Kocsis Jolan,3576,u,7.07,4.27,0,Juhasz Illes,3577,m,2.64,2.69,0,I
711,Vincze Apollonia,3578,m,5.55,3.42,0,Novak Cecilia,3579,v,2.87,3.97,7,Varga Vendel,3580,m,4.61,1.40,1,Kis Mihaly,3581,m,7.94,3.95,0,I
712,Varga Karolina,3582,u,7.08,3.95,19,Budai Gergely,3583,m,2.37,2.29,0,Kovacs Evelin,3584,m,6.15,2.50,0,Pataki Domotor,3585,m,3.67,3.08,0,I
713,Varga Berta,3586,u,8.65,2.07,0,Gulyas Biborka,3587,v,6.91,2.16,0,Eros Gergely,3588,m,6.85,3.89,11,Viragh Bela,3589,v,2.07,4.98,0,I
714,Horvath Rozalia,3590,m,5.27,3.36,0,Pinter Helga,3591,m,8.27,2.60,0,Szabo Nora,3592,u,4.99,3.22,0,Nemet Elek,3593,m,7.12,2.31,0,I
715,Tot Ingrid,3594,m,3.95,4.33,0,Hajdu Dalma,3595,m,5.80,1.75,0,Vas Ulrik,3596,m,6.05,2.03,0,Olah Zeno,3597,m,5.71,1.86,17,I
716,Molnar Bianka,3598,v,5.15,2.14,0,Molnar Marta,3599,v,7.52,3.83,0,Kiss Agoston,3600,v,6.74,2.24,0,Szabo Amalia,3601,m,4.07,1.03,4,I
801,Varga Lenard,3602,m,6.92,2.39,0,Olah David,3603,v,5.19,3.88,0,Rozsa Oszkar,3604,v,6.64,1.52,0,Racz Friderika,3605,m,7.63,2.39,0,I
802,Papp Ferenc,3606,m,5.13,3.80,0,Molnar Lilla,3607,m,5.56,3.08,15,Balogh Emod,3608,v,6.00,3.46,0,Papp Kornel,3609,m,3.82,3.26,11,I
803,Somogyi Klara,3610,u,7.35,4.39,0,Gal Moric,3611,v,6.10,4.16,10,Barna Leona,3612,m,4.07,3.05,8,Somogyi Eniko,3613,u,5.52,2.56,0,I
804,Horvat Illes,3614,m,5.63,4.72,0,Bakos Gyongyi,3615,m,7.87,4.95,0,Juhasz Emanuel,3616,m,7.02,3.91,0,Gal Gyorgyi,3617,m,4.34,3.52,12,I
805,Balog Alfred,3618,v,2.81,3.33,0,Orosz Mercedesz,3619,m,5.90,1.25,0,Kis Herman,3620,v,2.85,2.49,0,Olah Livia,3621,m,2.67,3.88,2,I
806,Gal Reka,3622,u,5.77,2.12,0,Lakatos Liliana,3623,m,8.27,2.84,0,Horvath Vince,3624,v,8.36,2.75,0,Juhasz Marta,3625,m,4.90,3.13,0,I
807,Meszaros Borbala,3626,m,7.98,3.39,15,Juhasz Daniella,3627,m,7.28,4.94,0,Bakos Dezso,3628,v,2.58,4.04,0,Molnar Beatrix,3629,u,7.34,2.27,0,I
808,Torok Gabriella,3630,m,3.64,2.48,0,Varga Sebestyen,3631,m,8.24,3.99,0,Tot Albert,3632,u,5.41,2.75,0,Vincze Lukacs,3633,m,3.33,4.62,0,I
809,Fekete Nikolett,3634,m,7.05,2.83,0,Hegedus Berta,3635,u,3.12,3.26,1,Fazekas Otilia,3636,m,2.98,1.19,0,Bognar Ibolya,3637,m,3.63,3.57,0,I
810,Lengyel Katalin,3638,m,5.74,1.98,0,Feher Peter,3639,m,8.42,4.00,0,Vegh Emod,3640,m,2.06,4.98,0,Torok Zakarias,3641,v,4.52,4.44,0,I
811,Farkas Adorjan,3642,v,5.88,4.45,0,Horvath Izidor,3643,m,4.20,1.35,0,Papp Szimonett,3644,m,6.90,4.12,0,Deak Balint,3645,u,6.83,3.47,0,I
812,Katona Gergely,3646,u,4.50,3.99,0,Nemeth Ivan,3647,m,5.23,3.46,0,Feher Marton,3648,m,3.45,2.79,0,Varga Dalma,3649,m,8.16,2.42,0,I
813,Bakos Iren,3650,m,8.22,2.37,16,Barna Szimonetta,3651,m,8.10,4.18,0,Balog Annamaria,3652,v,5.37,2.62,0,Horvat Marcell,3653,v,4.86,2.45,4,I
814,Somogyi Noel,3654,v,2.52,2.08,0,Varga Lorinc,3655,v,7.60,2.20,0,Tot Malvin,3656,v,5.55,3.23,0,Nemet Greta,3657,m,5.94,4.91,0,I
815,Balazs Gyorgy,3658,m,6.61,1.62,0,Somogyi Donat,3659,u,2.75,2.03,0,Kovacs Agota,3660,m,5.30,4.93,0,Szabo Julianna,3661,m,5.30,2.88,0,I
816,Molnar Ivan,3662,m,3.14,4.91,0,Kovach Zakarias,3663,m,6.78,3.32,0,Nemes Ulrik,3664,m,5.18,4.00,0,Horvat Izso,3665,u,6.87,2.63,0,I
901,Olah Paula,3666,u,7.23,2.33,0,Balogh Gergo,3667,m,3.46,2.07,0,Rozsa Alajos,3668,v,3.53,3.35,0,Boros Brigitta,3669,m,2.35,4.63,15,I
902,Kocsis Artur,3670,m,2.93,1.96,0,Hegedus Mercedesz,3671,u,8.63,1.99,0,Varga Karmen,3672,v,9.00,3.68,0,Racz Denes,3673,m,2.98,1.04,0,I
903,Eros Almos,3674,m,3.15,2.32,0,Szekely Judit,3675,m,7.93,4.06,0,Lakatos Erno,3676,v,2.44,1.46,12,Lengyel Tamas,3677,u,2.11,2.76,0,I
904,Takacs Gyarfas,3678,m,4.95,3.17,0,Orosz Narcisz,3679,m,6.72,4.84,0,Gyori Erika,3680,m,4.05,3.61,0,Szekely Aron,3681,v,6.84,3.99,0,I
905,Feher Szerena,3682,m,2.86,2.64,0,Kiss Armin,3683,m,6.15,4.78,0,Pasztor Valeria,3684,v,5.79,2.50,0,Balogh Reka,3685,m,6.68,3.09,0,I
906,Racz Brigitta,3686,v,2.22,3.17,0,Kovacs Katalin,3687,m,2.61,4.52,0,Balazs Cintia,3688,v,4.90,2.61,0,Novak Balint,3689,v,3.95,1.83,0,I
907,Bodnar Benedek,3690,m,6.43,3.43,0,Katona Hunor,3691,u,3.18,2.54,17,Papp Anna,3692,v,4.89,4.79,0,Lakatos Kristof,3693,v,4.30,3.27,0,I
908,Eros Lili,3694,m,3.20,2.09,0,Somogyi Gergely,3695,v,3.94,2.94,5,Farkas Tamas,3696,m,8.36,3.90,0,Balogh Ferenc,3697,m,8.05,3.08,0,I
909,Tot Kornel,3698,m,8.60,1.90,7,Szekely Agoston,3699,v,4.64,2.94,18,Kovats Elza,3700,m,6.95,2.36,0,Balogh Kelemen,3701,m,8.30,2.70,2,I
910,Horvat Rudolf,3702,m,6.98,2.40,0,Nagy Bela,3703,m,5.70,3.48,0,Olah Adrian,3704,m,8.31,3.43,0,Nagy Hugo,3705,m,6.04,4.01,0,I
911,Molnar Huba,3706,u,3.61,3.46,0,Nemet Eleonora,3707,m,2.77,3.26,0,Kiss Irma,3708,m,3.15,2.47,8,Magyar Levente,3709,m,8.03,2.26,0,I
912,Papp Lorand,3710,m,2.04,1.39,5,Molnar Ferenc,3711,m,5.70,3.24,0,Bognar Terez,3712,m,5.38,2.90,0,Somogyi Vince,3713,v,2.19,3.93,0,I
913,Farkas Arnold,3714,m,5.28,1.09,4,Kovacs Kamilla,3715,m,5.75,1.24,0,Rozsa Leo,3716,m,7.11,2.44,0,Katona Gyorgy,3717,m,5.24,4.66,0,I
914,Orosz Jeromos,3718,v,2.80,4.15,0,Kiss Jeromos,3719,m,8.89,2.95,0,Varga Denes,3720,u,4.23,2.22,0,Papp Szervac,3721,v,6.78,4.89,0,I
915,Fodor Romeo,3722,m,8.65,3.94,3,Papp Livia,3723,m,6.16,2.45,3,Boros Edit,3724,m,5.49,2.72,0,Horvat Benedek,3725,v,5.99,1.39,0,I
916,Lakatos Alajos,3726,m,4.92,1.14,0,Tot Samuel,3727,v,4.49,1.81,0,Deak Donat,3728,m,7.41,2.43,0,Nemeth Denes,3729,v,2.94,2.70,0,I
1001,Kiss Laszlo,3730,m,3.36,4.46,0,Juhasz Angel,3731,m,3.65,2.83,19,Hajdu Marcell,3732,m,3.47,2.29,0,Balogh Balint,3733,v,2.78,2.61,0,N
1002,Varga Paulina,3734,m,3.71,4.70,0,Olah Patricia,3735,v,2.82,2.08,19,Budai Eugenia,3736,m,4.57,5.00,0,Kozma Alida,3737,m,7.91,2.96,0,N
1003,Nagy Adel,3738,m,6.00,4.82,0,Pataki Vince,3739,v,3.03,3.20,9,Fodor Irisz,3740,v,7.95,3.73,0,Kozma Villo,3741,m,5.84,3.93,17,N
1004,Toth Bruno,3742,m,8.68,2.98,14,Balazs Magdolna,3743,m,7.08,3.17,0,Szabo Artur,3744,u,4.39,2.46,0,Papp Karola,3745,v,2.66,2.16,0,N
1005,Molnar Samuel,3746,u,5.21,4.66,14,Balazs Aron,3747,m,8.59,4.53,0,Horvath Vendel,3748,v,5.28,2.90,0,Vas Pal,3749,v,2.96,3.23,9,N
1006,Szekely Brigitta,3750,m,6.55,2.79,0,Farkas Zsuzsanna,3751,v,8.78,2.74,0,Vegh Marcell,3752,v,2.66,2.99,0,Pasztor Oszkar,3753,u,2.64,4.05,0,N
1007,Balogh Lukrecia,3754,m,7.51,1.43,0,Toth Orban,3755,m,4.72,1.37,3,Kiss Gergely,3756,m,8.65,2.03,0,Vegh Romeo,3757,m,8.72,3.02,0,N
1008,Varga Hilda,3758,u,4.26,3.96,0,Toth Denes,3759,m,2.65,3.00,0,Gal Mihaly,3760,m,4.75,2.54,0,Gal Livia,3761,m,8.77,3.60,0,N
1009,Lengyel Gyongyver,3762,m,5.01,4.93,0,Papp Bertold,3763,m,2.31,3.14,0,Molnar Ella,3764,m,6.99,1.12,0,Mezo Andrea,3765,u,8.56,2.02,0,N
1010,Boros Timot,3766,m,8.89,3.10,0,Major Elod,3767,m,3.01,4.02,0,Papp Angel,3768,m,2.24,3.54,0,Balog Bernadett,3769,m,3.29,2.65,0,N
1011,Hajdu Paszkal,3770,v,3.68,2.15,10,Szucs Balint,3771,m,8.98,2.89,0,Boros Veronika,3772,m,6.65,4.03,0,Kiss Aida,3773,m,4.57,3.82,0,N
1012,Takacs Marton,3774,m,6.11,1.85,0,Horvath Huba,3775,m,7.31,4.87,0,Lakatos Illes,3776,m,5.91,1.80,0,Nagy Jolan,3777,u,7.82,4.13,0,N
1013,Eros Nora,3778,u,2.32,2.68,0,Feher Felicia,3779,v,4.99,2.34,0,Horvath Angela,3780,m,3.67,3.99,0,Novak Mirella,3781,m,8.88,1.69,0,N
1014,Balogh Matild,3782,m,2.59,4.02,0,Horvath Aron,3783,v,3.95,4.81,0,Tot Lorand,3784,m,8.97,3.26,0,Vegh Tekla,3785,m,2.86,3.28,0,N
1015,Bognar Rahel,3786,m,5.09,4.64,0,Kozma Noemi,3787,u,6.99,3.10,0,Olah Helga,3788,v,7.97,3.48,0,Biro Valter,3789,u,4.64,2.91,0,N
1016,Olah Barnabas,3790,m,3.45,1.11,0,Gal Gusztav,3791,m,6.45,4.99,0,Bakos Odon,3792,m,2.97,3.27,0,Hajdu Dora,3793,m,7.05,2.54,0,N
1101,Fekete Kelemen,3794,m,7.57,1.60,0,Gal Alida,3795,m,8.82,4.50,0,Toth Tivadar,3796,v,8.56,4.73,0,Nemet Anett,3797,m,2.95,4.52,0,N
1102,Kozma Lili,3798,v,5.88,3.39,0,Bognar Villo,3799,m,6.05,4.02,6,Szabo Zoltan,3800,m,7.27,2.56,0,Hegedus Ellak,3801,m,4.83,3.59,0,N
1103,Fazekas Imola,3802,m,3.10,3.23,0,Olah Etelka,3803,v,4.13,3.40,0,Halasz Agnes,3804,m,4.14,1.46,0,Bodnar Krisztian,3805,m,5.72,3.94,0,N
1104,Horvat Tamas,3806,v,4.00,4.23,0,Novak Eleonora,3807,m,3.23,4.21,0,Feher Gyorgyi,3808,m,5.52,4.76,0,Juhasz Bernat,3809,m,4.38,2.06,0,N
1105,Tot Orsolya,3810,m,4.55,3.57,0,Hegedus Odon,3811,m,5.35,2.65,0,Torok Rahel,3812,u,7.24,4.43,0,Olah Vivien,3813,m,8.04,2.35,0,N
1106,Racz Ilona,3814,v,5.24,2.70,6,Fodor Hajna,3815,v,7.79,1.50,0,Soos Geza,3816,v,2.20,2.74,12,Budai Karoly,3817,m,3.01,1.13,0,N
1107,Vincze Oliver,3818,v,2.74,2.95,0,Takacs Ede,3819,m,8.00,3.81,0,Kiss Dalma,3820,m,6.48,2.51,0,Vegh Jolan,3821,u,3.92,2.86,0,N
1108,Biro Lajos,3822,v,7.11,3.76,0,Barna Elod,3823,m,3.74,3.55,0,Kis Ulrik,3824,m,7.27,2.93,0,Bakos Peter,3825,m,2.95,2.21,0,N
1109,Major Malvin,3826,v,6.00,3.55,0,Kozma Brigitta,3827,m,3.05,2.54,0,Ujhelyi Narcisz,3828,m,6.93,2.14,0,Papp Paulina,3829,v,8.10,4.24,0,N
1110,Bodnar Szilveszter,3830,m,2.48,3.87,0,Lakatos Beata,3831,v,2.33,4.15,0,Balogh Levente,3832,m,5.71,3.24,0,Ujhelyi Nikolett,3833,v,8.43,2.34,0,N
1111,Nagy Viktor,3834,m,4.00,2.68,0,Katona Marton,3835,m,2.76,3.89,9,Varga Romeo,3836,m,5.17,3.50,11,Olah Gergo,3837,m,8.81,2.64,0,N
1112,Fodor Matyas,3838,m,5.87,2.79,0,Halasz Vilmos,3839,m,8.90,3.01,14,Horvat Attila,3840,m,8.33,1.95,0,Papp Bruno,3841,u,4.96,1.36,0,N
1113,Lakatos Szonja,3842,m,6.16,4.98,0,Hajdu Zsigmond,3843,m,4.92,1.27,0,Gulyas Eleonora,3844,v,6.79,4.90,0,Molnar Bernadett,3845,u,2.17,3.06,0,N
1114,Lakatos Iren,3846,v,2.49,2.03,9,Fekete Aletta,3847,m,8.55,3.82,16,Molnar Eniko,3848,m,3.73,3.78,0,Balogh Magdolna,3849,v,5.40,3.52,0,N
1115,Kovach Benjamin,3850,u,8.32,2.86,0,Kiss Vencel,3851,v,2.77,4.13,0,Katona Teofil,3852,m,6.65,2.31,0,Hegedus Levente,3853,m,2.36,3.53,0,N
1116,Balazs Achilles,3854,m,4.56,3.04,0,Gal Pongrac,3855,v,6.99,3.45,0,Boros Terez,3856,v,6.61,2.98,9,Feher Emanuel,3857,u,2.46,2.50,0,N
1201,Gal Tekla,3858,m,5.64,2.94,0,Kovacs Agnes,3859,u,2.27,1.30,0,Molnar Zsombor,3860,m,7.79,2.82,0,Ujhelyi Vendel,3861,v,8.95,1.11,0,N
1202,Ujhelyi Angelika,3862,m,4.39,2.12,7,Balogh Armin,3863,m,3.01,4.58,0,Pinter Hella,3864,m,6.76,2.98,0,Vincze Jusztina,3865,v,5.32,3.47,0,N
1203,Balog Tivadar,3866,v,8.56,3.80,9,Viragh Simon,3867,m,3.45,2.69,0,Rozsa Cintia,3868,m,6.76,2.84,18,Horvat Eufrozina,3869,u,8.13,2.40,0,N
1204,Juhasz Andrea,3870,m,2.15,1.27,0,Kiss Renato,3871,m,8.08,4.08,0,Feher Szimonett,3872,m,4.91,4.16,0,Boros Szilarda,3873,m,2.21,3.95,4,N
1205,Soos Valer,3874,m,5.08,4.63,0,Racz Lorinc,3875,m,3.90,3.76,0,Gal Nikolett,3876,m,6.97,1.25,0,Kocsis Botond,3877,m,3.56,3.18,0,N
1206,Horvat Piroska,3878,m,2.62,2.42,0,Vas Vanda,3879,m,8.98,2.13,0,Kovacs Kincso,3880,m,8.25,2.25,0,Horvat Magdolna,3881,u,3.96,3.47,0,N
1207,Molnar Laura,3882,v,2.14,2.18,0,Feher Anita,3883,m,8.35,3.84,0,Viragh Ors,3884,v,3.89,3.80,0,Katona Emod,3885,m,2.15,4.95,0,N
1208,Gal Miklos,3886,m,6.47,2.23,0,Pinter Zoltan,3887,v,6.35,3.52,0,Hajdu Krisztina,3888,v,4.99,1.37,0,Pataki Jonas,3889,m,2.87,2.19,0,N
1209,Balazs Andor,3890,m,5.72,2.72,9,Varga Ervin,3891,m,5.27,3.59,0,Balazs Fulop,3892,u,3.87,2.33,0,Barna Magdolna,3893,m,7.59,4.83,0,N
1210,Kiss Robert,3894,m,5.02,1.95,0,Bognar Gerzson,3895,v,6.37,3.72,0,Olah Evelin,3896,m,8.98,4.55,0,Takacs Anita,3897,m,3.74,1.49,0,N
1211,Sipos Jonas,3898,m,4.68,3.18,0,Ujhelyi Katalin,3899,u,2.77,2.08,0,Vas Edina,3900,v,7.27,4.22,0,Boros Marcella,3901,m,2.48,2.11,0,N
1212,Juhasz Linda,3902,v,6.75,2.13,0,Szalai Andras,3903,m,7.34,3.40,0,Szekely Natalia,3904,m,8.07,3.15,0,Horvat Maria,3905,v,3.33,4.62,0,N
1213,Toth Timea,3906,v,7.22,4.88,0,Szucs Jonas,3907,m,3.83,4.28,0,Boros Kincso,3908,m,7.64,1.52,0,Pinter Arnold,3909,u,7.97,2.82,0,N
1214,Lakatos Gusztav,3910,m,6.67,2.52,0,Papp Narcisz,3911,u,7.58,2.53,12,Molnar Szilarda,3912,m,3.65,2.69,0,Deak Marton,3913,v,6.59,4.22,4,N
1215,Fekete Vazul,3914,m,6.36,3.42,0,Varga Arpadina,3915,m,3.61,3.00,0,Racz Zsofia,3916,u,2.03,4.17,0,Nagy Bella,3917,m,7.28,2.93,5,N
1216,Pasztor Ida,3918,m,2.26,3.94,0,Bodnar Hortenzia,3919,m,7.39,3.63,3,Kovach Marcella,3920,m,2.60,2.78,0,Ujhelyi Ors,3921,m,4.42,3.95,0,N
1301,Takacs Emma,3922,m,3.86,4.97,0,Ujhelyi Biborka,3923,v,7.80,4.95,0,Lengyel Vilmos,3924,m,2.78,3.15,0,Balog Erno,3925,v,4.06,2.25,0,N
1302,Kovacs Cintia,3926,v,3.83,3.48,0,Toth Vencel,3927,m,5.74,3.63,0,Kovats Balazs,3928,m,5.08,2.58,0,Kovacs Adalbert,3929,m,7.33,3.51,19,N
1303,Mezo Genoveva,3930,v,4.24,3.20,0,Boros Gedeon,3931,m,7.20,2.30,5,Soos Csenge,3932,m,3.01,2.19,0,Vegh Angel,3933,u,5.77,2.34,0,N
1304,Olah Vince,3934,m,6.49,2.89,0,Gal Fulop,3935,m,3.52,2.72,0,Olah Gedeon,3936,u,7.84,4.77,0,Olah Alexandra,3937,v,8.07,2.31,0,N
1305,Racz Dezso,3938,m,7.36,1.34,0,Fodor Mirjam,3939,m,2.80,4.69,0,Balazs Emma,3940,v,5.42,2.34,0,Fodor Szervac,3941,m,5.14,2.62,0,N
1306,Sipos Todor,3942,m,6.11,3.24,0,Budai Noel,3943,m,2.72,3.87,0,Sipos Taksony,3944,v,8.14,4.48,2,Vincze Lilla,3945,u,8.02,3.92,0,N
1307,Vincze Konstantin,3946,m,8.99,3.20,0,Varga Adrienn,3947,u,8.97,1.65,0,Hegedus Rita,3948,m,6.98,1.67,0,Molnar Izabella,3949,m,6.45,2.45,1,N
1308,Hajdu Kincso,3950,m,6.10,3.53,0,Balazs Adam,3951,m,5.84,4.50,0,Magyar Laszlo,3952,v,2.62,1.26,0,Molnar Bruno,3953,v,4.18,3.02,0,N
1309,Nagy Lenard,3954,m,4.47,3.17,0,Bakos Matyas,3955,v,4.60,2.43,0,Lengyel Hedvig,3956,m,4.64,3.54,0,Halasz Mate,3957,m,2.47,3.55,0,N
1310,Lakatos Cecilia,3958,m,2.77,2.73,14,Farkas Karolina,3959,v,7.12,3.37,0,Orosz Dezso,3960,m,7.83,2.25,0,Orosz Vid,3961,m,5.06,3.72,0,N
1311,Nagy Szabina,3962,m,4.57,4.12,0,Ujhelyi Xenia,3963,m,5.35,2.23,0,Szilagyi Maria,3964,m,3.30,3.70,0,Kiss Levente,3965,m,5.30,3.83,13,N
1312,Nemeth Benjamin,3966,m,5.71,1.23,0,Szekely Virgil,3967,m,4.64,4.94,0,Bakos Jeno,3968,m,5.08,3.58,0,Lakatos Zita,3969,v,7.52,1.29,0,N
1313,Balazs Lipot,3970,v,4.98,3.45,0,Soos Alex,3971,m,7.54,3.42,0,Takacs Moric,3972,m,4.98,2.87,0,Horvat Mercedesz,3973,u,7.91,4.12,0,N
1314,Szalai Bela,3974,m,7.43,3.60,0,Barna Szabolcs,3975,v,8.71,2.78,0,Vegh Agota,3976,v,4.54,3.72,0,Pasztor Jusztin,3977,m,7.36,3.16,0,N
1315,Molnar Tamara,3978,m,2.89,2.96,0,Balogh Attila,3979,m,7.05,1.33,0,Gyori Lazar,3980,m,8.67,4.04,0,Nagy Armin,3981,m,6.66,1.95,0,N
1316,Budai Liliana,3982,m,6.69,4.69,14,Meszaros Mario,3983,m,3.46,3.67,17,Szekely Jusztin,3984,m,3.62,4.87,0,Biro Fruzsina,3985,u,4.05,4.19,0,N
1401,Rozsa Barnabas,3986,m,2.57,2.36,0,Szabo Balint,3987,m,3.92,4.47,0,Tot Martina,3988,m,7.48,4.69,0,Pinter Huba,3989,u,6.82,2.36,0,N
1402,Halasz Paszkal,3990,m,2.95,4.20,0,Molnar Bodog,3991,u,2.66,1.39,0,Nemeth Adam,3992,m,7.38,3.82,8,Takacs Artur,3993,m,6.18,4.54,6,N
1403,Feher Fatima,3994,m,2.10,2.31,0,Major Ferenc,3995,m,3.84,2.83,0,Somogyi Rebeka,3996,v,3.28,4.41,0,Juhasz Vince,3997,v,5.36,3.23,0,N
1404,Rozsa Stella,3998,m,8.32,3.34,9,Molnar Gyongyver,3999,m,8.78,1.20,0,Nemeth Jeromos,4000,m,2.42,3.16,5,Gulyas Agoston,4001,u,4.75,1.20,0,N
1405,Bakos Alexandra,4002,m,4.97,3.38,0,Toth Erik,4003,m,8.58,3.91,17,Deak Andras,4004,v,8.29,3.59,0,Szabo Bulcsu,4005,m,4.22,1.64,0,N
1406,Nemeth Dezso,4006,m,6.71,3.03,0,Nagy Koppany,4007,v,6.89,2.47,0,Nemeth Emese,4008,m,5.77,1.87,0,Magyar Adorjan,4009,m,2.13,4.68,0,N
1407,Nemet Elek,4010,m,4.99,3.44,0,Lakatos Etelka,4011,m,5.65,2.47,0,Szalai Fulop,4012,m,2.64,4.95,0,Racz Olimpia,4013,v,2.60,2.68,0,N
1408,Balazs Jeno,4014,u,5.39,1.74,0,Balogh Vid,4015,m,4.33,4.02,0,Gyori Dominika,4016,m,4.14,3.87,10,Lakatos Szilarda,4017,v,2.24,2.70,19,N
1409,Fodor Adalbert,4018,m,8.75,2.42,0,Takacs Ilona,4019,m,6.29,4.60,0,Fekete Botond,4020,v,2.63,4.79,0,Fazekas Lajos,4021,u,8.94,4.55,0,N
1410,Tot Szilvia,4022,m,2.94,4.49,0,Sipos Gyongyi,4023,m,5.77,2.70,0,Hajdu Rahel,4024,m,7.25,3.00,0,Bakos Rafael,4025,v,3.65,1.65,0,N
1411,Gyori Stefania,4026,m,3.25,4.40,0,Soos Julia,4027,m,7.19,2.22,0,Molnar Rebeka,4028,m,6.61,3.51,0,Lakatos Tamas,4029,u,5.78,4.59,0,N
1412,Halasz Julianna,4030,m,3.41,4.86,0,Vegh Kristof,4031,v,6.57,2.89,19,Szilagyi Adalbert,4032,u,2.45,5.00,0,Magyar Ipoly,4033,u,2.89,2.39,0,N
1413,Molnar Soma,4034,m,5.85,3.93,0,Lakatos Bruno,4035,u,6.40,1.77,0,Fekete Helga,4036,m,5.20,3.19,0,Gal Csanad,4037,m,3.09,4.78,0,N
1414,Racz Simon,4038,u,5.97,2.45,0,Sipos Ellak,4039,v,3.41,1.91,0,Kovacs Moric,4040,v,6.41,4.78,0,Vas Edit,4041,m,3.17,2.07,0,N
1415,Halasz Andrea,4042,v,8.91,2.21,0,Papp Ilona,4043,m,6.17,3.14,0,Farkas Gabor,4044,m,3.25,2.67,0,Major Andrea,4045,m,3.45,3.06,8,N
1416,Kozma Kazmer,4046,m,6.42,1.07,0,Mezo Mozes,4047,m,4.54,3.72,0,Vas Olga,4048,m,8.77,1.57,0,Molnar Zsofia,4049,m,3.32,2.87,0,N
1501,Somogyi Lilla,4050,m,5.35,2.62,0,Orosz Vilhelmina,4051,m,4.49,3.48,0,Olah Maria,4052,u,8.23,4.31,0,Budai Elvira,4053,m,8.89,4.64,0,N
1502,Mezo Adrian,4054,v,5.25,2.40,0,Szabo Maria,4055,m,2.63,2.67,0,Lakatos Frigyes,4056,m,4.39,3.49,0,Eros Lenard,4057,m,7.66,3.42,7,N
1503,Orosz Emanuel,4058,v,2.75,2.16,0,Kis Erno,4059,v,7.58,2.93,0,Szalai Antal,4060,v,3.48,2.54,0,Gal Denes,4061,m,4.52,3.06,0,N
1504,Somogyi Mihaly,4062,v,5.10,4.74,0,Lengyel Zakarias,4063,m,6.43,3.24,0,Balazs Amalia,4064,m,8.20,3.38,0,Nagy Teodora,4065,m,6.02,1.49,11,N
1505,Nagy Mate,4066,v,5.49,1.94,0,Gyori Konrad,4067,v,2.69,1.59,0,Kovats Erika,4068,v,6.65,1.65,0,Szabo Vince,4069,v,7.82,3.42,0,N
1506,Balogh Noel,4070,u,4.43,3.08,0,Gulyas Vencel,4071,m,2.29,3.26,0,Somogyi Antonia,4072,m,5.19,2.70,0,Szalai Abel,4073,v,4.34,3.21,12,N
1507,Vincze Gyozo,4074,v,4.78,3.89,0,Hegedus Lenard,4075,m,7.26,1.70,0,Kovacs Marianna,4076,m,5.69,4.49,0,Pinter Kalman,4077,m,4.55,3.58,6,N
1508,Balogh Etelka,4078,m,2.25,4.41,0,Kiraly Jolan,4079,v,4.39,4.93,0,Varga Aniko,4080,m,8.16,3.41,10,Kiss Matild,4081,m,7.13,1.05,2,N
1509,Major Peter,4082,m,2.40,2.42,11,Bognar Rita,4083,v,8.69,4.21,0,Horvat David,4084,m,2.27,4.65,0,Lengyel Teodora,4085,m,8.29,4.80,5,N
1510,Vincze Attila,4086,v,5.23,2.07,0,Halasz Lorand,4087,u,8.76,1.25,0,Lengyel Auguszta,4088,m,7.24,1.01,0,Mezo Szimonetta,4089,m,7.54,3.03,0,N
1511,Bodnar Livia,4090,m,6.00,3.68,0,Feher Csaba,4091,m,6.87,4.41,0,Fekete Lenke,4092,m,3.95,3.91,0,Gal Arpad,4093,v,5.20,1.36,0,N
1512,Papp Marcell,4094,m,2.73,1.20,0,Takacs Vilhelmina,4095,m,8.25,1.33,0,Bakos Zalan,4096,m,4.63,3.99,17,Pinter Peter,4097,v,2.79,2.06,0,N
1513,Molnar Monika,4098,m,6.01,4.27,0,Szabo Zoltan,4099,m,8.36,4.39,0,Vas Rozalia,4100,m,7.41,3.67,0,Szabo Albert,4101,m,6.99,3.35,0,N
1514,Kovach Vilhelmina,4102,v,6.05,3.70,0,Hajdu Robert,4103,m,7.48,3.21,0,Kiraly Valentin,4104,m,8.08,2.83,0,Farkas Lidia,4105,v,6.00,4.11,0,N
1515,Varga Marton,4106,u,5.47,4.40,0,Novak Hajnalka,4107,m,2.23,4.88,0,Fekete Jusztina,4108,m,3.48,3.20,0,Nemes Tunde,4109,v,5.15,2.44,0,N
1516,Lakatos Olga,4110,v,5.42,3.28,10,Molnar Fatime,4111,v,2.85,3.32,0,Viragh Ulrik,4112,m,6.09,2.63,0,Budai Domonkos,4113,m,2.08,3.28,0,N
1601,Biro Arpad,4114,m,4.74,4.04,0,Kovacs Emoke,4115,m,3.05,3.15,0,Varga Anna,4116,m,8.78,1.63,0,Horvath Ede,4117,u,4.35,2.19,0,N
1602,Nemeth Robert,4118,m,6.10,3.84,0,Balogh Norbert,4119,v,3.28,3.84,0,Gyori Emanuel,4120,m,3.98,3.30,0,Lengyel Konrad,4121,m,5.93,3.83,0,N
1603,Lakatos Dominika,4122,m,5.47,3.92,12,Papp Bella,4123,m,4.78,2.58,0,Nagy Mercedesz,4124,m,4.97,1.91,0,Kovacs Balazs,4125,m,7.15,3.52,0,N
1604,Takacs Hugo,4126,m,4.68,3.05,0,Balazs Csanad,4127,m,4.35,3.37,0,Fodor Valeria,4128,m,7.83,3.18,0,Magyar Marton,4129,m,4.75,2.47,0,N
1605,Varga Lipot,4130,v,7.65,4.48,0,Vincze Borbala,4131,v,7.63,3.66,0,Farkas Laszlo,4132,m,8.84,1.38,2,Varga Bernat,4133,m,5.48,4.98,0,N
1606,Biro Imola,4134,m,4.36,2.58,0,Tot Kornel,4135,v,6.32,3.91,0,Lakatos Titusz,4136,m,8.46,3.34,0,Lakatos Ilona,4137,m,2.90,2.46,0,N
1607,Juhasz Denes,4138,m,5.50,2.99,0,Fodor Taksony,4139,v,3.83,2.74,0,Papp Roxana,4140,v,2.96,3.19,0,Barna Jolan,4141,m,3.82,3.13,0,N
1608,Balogh Adalbert,4142,m,2.16,1.04,0,Novak Sarolta,4143,v,7.19,2.98,0,Varga Marianna,4144,v,6.34,3.84,2,Bognar Fatima,4145,v,4.14,4.49,0,N
1609,Papp Dora,4146,v,2.00,2.22,0,Balogh Tamas,4147,u,5.01,3.80,0,Tot Izolda,4148,v,8.96,1.70,0,Orosz Gaspar,4149,m,3.63,3.50,0,N
1610,Orosz Balazs,4150,m,2.11,2.29,0,Szabo Szilveszter,4151,v,7.16,4.99,0,Feher Irisz,4152,m,6.54,4.52,0,Boros Kende,4153,m,6.39,2.76,0,N
1611,Viragh Szilvia,4154,m,2.39,4.31,0,Gulyas Diana,4155,v,8.25,3.19,0,Somogyi Vivien,4156,m,3.61,3.47,0,Orosz Zsolt,4157,m,6.40,3.96,11,N
1612,Nemet Jacint,4158,u,8.33,3.32,0,Magyar Ivett,4159,u,6.65,4.20,0,Balogh Tamas,4160,v,7.91,2.35,0,Lengyel Lorinc,4161,u,4.77,4.34,0,N
1613,Szilagyi Janka,4162,m,5.88,1.45,0,Vincze Laszlo,4163,m,5.14,3.81,0,Ujhelyi Monika,4164,u,4.22,4.36,16,Gal Cecilia,4165,m,2.87,3.06,0,N
1614,Fodor Bela,4166,m,8.41,2.55,0,Kovach Vazul,4167,m,2.60,3.60,11,Kovats Viola,4168,m,2.06,4.62,0,Szabo Donat,4169,m,4.66,2.95,0,N
1615,Feher Csenge,4170,m,7.57,1.94,16,Bognar Magdolna,4171,v,7.83,2.37,0,Meszaros Zsanett,4172,v,2.47,2.22,0,Kovach Alex,4173,m,8.27,2.17,0,N
1616,Gulyas Beata,4174,m,7.55,3.89,0,Kozma Alfonz,4175,m,8.23,3.31,0,Fekete Anna,4176,m,7.70,2.31,0,Lakatos Agota,4177,m,3.06,4.64,1,N
1701,Budai Emoke,4178,v,8.99,4.82,12,Fazekas Janos,4179,m,4.93,1.37,0,Sipos Tibor,4180,m,4.85,2.06,0,Juhasz Karolina,4181,u,3.86,2.02,0,N
1702,Budai Monika,4182,m,3.57,3.41,0,Sipos Sarolta,4183,m,3.57,3.58,0,Szalai Csanad,4184,v,3.01,3.06,1,Kocsis Jolan,4185,m,2.74,3.96,0,N
1703,Lengyel Aladar,4186,m,3.68,2.31,0,Kovats Karoly,4187,m,2.22,1.22,0,Balog Milan,4188,m,4.24,3.57,0,Barna Oliver,4189,m,8.53,1.73,0,N
1704,Orosz Zoltan,4190,u,7.17,2.26,0,Molnar Csilla,4191,v,4.67,3.31,0,Toth Gellert,4192,m,3.68,3.15,0,Barna Csanad,4193,v,4.73,3.25,0,N
1705,Kovats Sara,4194,v,6.43,1.13,0,Torok Lorinc,4195,m,8.54,4.10,0,Hajdu Anasztazia,4196,u,5.51,2.46,0,Olah Kornelia,4197,v,2.36,3.93,13,N
1706,Soos Marton,4198,m,6.52,1.73,0,Balogh Sarolta,4199,v,7.64,4.86,0,Farkas Barnabas,4200,v,8.28,3.63,0,Somogyi Livia,4201,m,5.18,2.59,0,N
1707,Takacs Marton,4202,m,3.78,2.73,0,Gal Ivan,4203,v,6.78,3.70,0,Somogyi Pal,4204,m,5.49,3.13,6,Bakos Gizella,4205,v,7.53,3.26,0,N
1708,Lakatos Gabriella,4206,m,5.87,2.27,0,Torok Vid,4207,m,5.24,2.42,0,Nagy Lajos,4208,m,3.17,2.26,0,Hegedus Medard,4209,u,4.57,3.92,0,N
1709,Kovats Abigel,4210,v,2.65,2.75,0,Nemet Liviusz,4211,m,7.33,2.62,0,Feher Emil,4212,m,7.11,3.26,0,Olah Klementina,4213,m,6.80,2.81,0,N
1710,Takacs Klementina,4214,m,2.09,4.35,0,Toth Gyarfas,4215,m,5.93,4.22,0,Gal Frida,4216,m,2.46,2.06,19,Horvath Agoston,4217,u,7.01,1.49,0,N
1711,Nagy Laszlo,4218,m,2.94,2.71,0,Szabo Frigyes,4219,m,3.32,3.56,0,Vas Zsanett,4220,m,3.94,4.23,0,Molnar Balint,4221,m,7.23,2.22,0,N
1712,Kovats Kalman,4222,v,2.09,4.57,0,Horvat Szimonetta,4223,u,6.83,4.10,12,Olah Krisztina,4224,v,3.00,2.95,0,Hajdu Hajnalka,4225,m,5.68,1.55,0,N
1713,Bognar Dominika,4226,m,6.57,2.97,0,Farkas Medard,4227,v,6.64,3.30,0,Lengyel Adam,4228,u,7.89,1.05,0,Kis Peter,4229,v,7.94,2.59,0,N
1714,Kocsis Lilla,4230,v,7.15,3.06,0,Barna Oliver,4231,m,2.18,3.99,14,Novak Agoston,4232,v,5.80,1.33,0,Horvath Dorina,4233,m,3.44,3.70,0,N
1715,Kozma Tas,4234,m,7.51,4.98,0,Pasztor Artur,4235,m,5.67,3.87,0,Toth Adel,4236,v,6.80,2.90,0,Juhasz Borbala,4237,u,4.54,1.78,0,N
1716,Szekely Lorant,4238,m,2.04,1.89,0,Fazekas Dalma,4239,u,6.28,3.60,0,Tot Istvan,4240,v,3.75,2.29,0,Molnar Eleonora,4241,m,8.58,3.95,0,N
1801,Olah Timea,4242,m,2.27,1.03,0,Hegedus Olga,4243,v,7.57,2.17,0,Szekely Anasztazia,4244,m,8.52,2.89,0,Rozsa Lorant,4245,m,8.40,4.61,0,N
1802,Somogyi Imre,4246,v,5.23,1.05,0,Kiraly Timot,4247,v,3.42,3.48,0,Pasztor Auguszta,4248,v,3.91,2.23,0,Szabo Zsigmond,4249,v,3.30,3.07,0,N
1803,Olah Robert,4250,m,6.89,4.71,0,Pataki Lilla,4251,m,3.30,3.62,0,Lakatos Matild,4252,u,6.07,3.72,0,Eros Renata,4253,m,5.82,2.96,0,N
1804,Varga Monika,4254,u,2.54,4.69,0,Kovacs Lilla,4255,m,7.78,4.96,0,Eros Dezso,4256,v,2.85,3.88,0,Deak Mirjam,4257,m,3.77,3.41,0,N
1805,Budai Krisztian,4258,m,6.03,3.63,0,Kovacs Krisztina,4259,m,5.90,2.55,0,Feher Antal,4260,m,2.89,1.67,0,Szekely Zakarias,4261,m,2.14,3.36,0,N
1806,Kovacs Achilles,4262,m,6.13,4.08,2,Hegedus Anna,4263,m,4.40,2.19,0,Olah Boglarka,4264,v,2.88,4.39,0,Soos Daniel,4265,m,4.27,3.31,0,N
1807,Szekely Sebestyen,4266,m,2.02,2.30,15,Magyar Daniella,4267,v,7.10,1.93,0,Pinter Klaudia,4268,v,3.81,1.26,0,Halasz Pal,4269,m,5.80,2.01,0,N
1808,Lakatos Emod,4270,m,8.13,4.07,0,Szabo Farkas,4271,m,8.45,4.59,0,Viragh Helen,4272,m,2.30,2.66,0,Szucs Hunor,4273,v,3.32,4.72,0,N
1809,Nemeth Csongor,4274,m,2.71,4.31,0,Horvat Jusztin,4275,m,4.64,4.63,0,Nagy Janos,4276,v,2.90,2.28,0,Feher Noel,4277,m,5.93,4.48,0,N
1810,Szalai Felix,4278,m,7.86,1.65,0,Hajdu Bertold,4279,u,2.04,3.41,0,Varga Robert,4280,m,4.27,2.62,0,Deak Lidia,4281,m,4.85,3.59,14,N
1811,Kovach Cintia,4282,m,7.24,3.26,0,Kovach Erhard,4283,v,5.15,2.51,0,Takacs Georgina,4284,v,2.61,3.49,0,Pasztor Marietta,4285,m,7.81,2.94,0,N
1812,Varga Patrik,4286,m,8.26,2.24,0,Kovats Xenia,4287,m,4.42,2.04,11,Kis Peter,4288,m,5.45,4.81,0,Papp Erik,4289,m,5.03,3.34,16,N
1813,Kiss Fulop,4290,v,3.46,2.94,0,Varga Bator,4291,m,4.99,3.12,0,Feher Vanessza,4292,m,4.38,3.03,0,Kocsis Adam,4293,v,5.22,2.16,0,N
1814,Kovach Bernadett,4294,v,7.21,4.67,0,Lakatos Farkas,4295,m,2.98,3.11,0,Balog Csilla,4296,u,8.39,2.59,0,Kovacs Evelin,4297,m,3.81,2.03,0,N
1815,Balogh Gusztav,4298,m,6.05,4.16,0,Papp Janka,4299,u,8.32,2.64,0,Viragh Bernadett,4300,m,6.49,4.60,0,Bognar Elias,4301,v,3.72,4.46,14,N
1816,Molnar Mirjam,4302,m,4.63,2.01,0,Lengyel Abel,4303,m,4.91,2.14,8,Nemet Franciska,4304,m,8.35,3.84,18,Nagy Erika,4305,u,8.84,2.22,0,N
